<?xml version="1.0" encoding="UTF-8"?>
<project-private xmlns="http://www.netbeans.org/ns/project-private/1">
    <editor-bookmarks xmlns="http://www.netbeans.org/ns/editor-bookmarks/2" lastBookmarkId="0"/>
    <open-files xmlns="http://www.netbeans.org/ns/projectui-open-files/2">
        <group>
            <file>file:/C:/Users/soyco/OneDrive/Documents/NetBeansProjects/WebApplicationPractica7/web/index.html</file>
            <file>file:/C:/Users/soyco/OneDrive/Documents/NetBeansProjects/WebApplicationPractica7/src/java/controlador/Altas.java</file>
            <file>file:/C:/Users/soyco/OneDrive/Documents/NetBeansProjects/WebApplicationPractica7/web/Equipos/minIndex.jsp</file>
            <file>file:/C:/Users/soyco/OneDrive/Documents/NetBeansProjects/WebApplicationPractica7/web/Equipos/Equipo.jsp</file>
            <file>file:/C:/Users/soyco/OneDrive/Documents/NetBeansProjects/WebApplicationPractica7/src/java/controlador/EquipoControlador.java</file>
            <file>file:/C:/Users/soyco/OneDrive/Documents/NetBeansProjects/WebApplicationPractica7/web/Equipos/BajaEquipo.jsp</file>
            <file>file:/C:/Users/soyco/OneDrive/Documents/NetBeansProjects/WebApplicationPractica7/web/Equipos/CambiosEquipo.jsp</file>
            <file>file:/C:/Users/soyco/OneDrive/Documents/NetBeansProjects/WebApplicationPractica7/src/java/config/Conection.java</file>
            <file>file:/C:/Users/soyco/OneDrive/Documents/NetBeansProjects/WebApplicationPractica7/src/java/controlador/Bajas.java</file>
            <file>file:/C:/Users/soyco/OneDrive/Documents/NetBeansProjects/WebApplicationPractica7/src/java/Mod/EquipoDAO.java</file>
            <file>file:/C:/Users/soyco/OneDrive/Documents/NetBeansProjects/WebApplicationPractica7/src/java/controlador/Cambios.java</file>
            <file>file:/C:/Users/soyco/OneDrive/Documents/NetBeansProjects/WebApplicationPractica7/web/Equipos/AltaEquipo.jsp</file>
            <file>file:/C:/Users/soyco/OneDrive/Documents/NetBeansProjects/WebApplicationPractica7/src/java/Mod/Equipos.java</file>
        </group>
    </open-files>
</project-private>
